uuid,username,first_name,last_name,password,address,city,state,zip_code,phone,birth
5a0e68c3-5df3-4f67-9306-9601dc9d8f45,happymeercat462,Gail,Neal,*IK<.lo9,4032 Miller Ave,San Jose,Hawaii,41719,(378) 549-0342,08/19/1977
d2bd110c-6b18-4acf-96f6-098e37835a36,whitegorilla119,Seth,Cooper,*IK<.lo9,8388 Cherry St,Boulder,Alaska,81118,(429) 232-7030,09/14/1978
cc1a5a20-7a43-4808-b3d4-7c45b90291dc,crazykoala821,Riley,Rodriquez,*IK<.lo9,3234 Railroad St,Cambridge,Alabama,53301,(549) 516-0146,07/27/1983
c39b326d-718b-4402-a1da-10f65ac0713a,purplebird104,Pauline,Duncan,*IK<.lo9,2371 Crockett St,Iowa Park,Texas,50903,(341) 492-8815,07/03/1989
6ed78fd8-2f3d-4b66-8a4a-c1296e9b9e5a,redsnake167,Heather,Ward,*IK<.lo9,5330 Westheimer Rd,South Bend,Nebraska,24296,(886) 243-3315,07/23/1968
0be0445d-9dc2-4cbf-b0d7-1473be996173,heavybutterfly365,Anita,Reynolds,*IK<.lo9,3015 Fairview St,Fort Worth,Texas,66100,(908) 733-1269,03/09/1976
9d22dd03-f8f8-4ef7-9a76-8c3f2cfa5a3a,happylion777,Lydia,Stewart,*IK<.lo9,8238 Timber Wolf Trail,Anaheim,Idaho,99748,(939) 905-1634,01/01/1970
99fa2814-d61a-4116-ba68-6e6c5d188e2d,happylion474,Kevin,Mccoy,*IK<.lo9,6601 Crockett St,Lincoln,California,33716,(967) 411-9580,02/08/1979
44b7c297-fc2f-49d0-bfd2-418ac7e3e1ad,blackfish171,Delores,Garrett,*IK<.lo9,7937 Depaul Dr,Moreno Valley,Minnesota,99607,(444) 885-2783,12/24/1987
06f9dd9e-a90b-4847-804a-30e6ff51a958,crazyostrich306,Anthony,Hawkins,*IK<.lo9,6201 Taylor St,Sioux Falls,New York,89647,(985) 237-7070,05/12/1987
3cc2a4a8-4c4e-4d0e-bc84-ba3cf3c23e1d,crazypanda713,Darlene,Russell,*IK<.lo9,6520 Green Rd,Orange,Nebraska,34257,(940) 374-2728,12/30/1981
a57582f4-1733-457a-80e3-3ec3ad7c41ae,whiteduck317,Manuel,Griffin,*IK<.lo9,3386 Mockingbird Hill,Charlotte,Wisconsin,35448,(226) 581-1836,01/05/1978
030cb333-a78f-4c11-8289-778a6fd39acd,lazymeercat524,Allan,Curtis,*IK<.lo9,7801 Shady Ln Dr,Coppell,Hawaii,31241,(503) 780-5199,08/20/1977
4bd16a9d-ae97-46a4-a58a-1452335f32af,redbutterfly345,Edith,Reed,*IK<.lo9,3843 Railroad St,Nashville,Texas,67130,(971) 808-4861,06/27/1965
c7731d69-2559-433e-915c-d5fba88e536b,smallswan424,Rosa,Jennings,*IK<.lo9,994 Thornridge Cir,Hamsburg,New Hampshire,25475,(511) 319-2409,07/21/1975
cd2a0bc7-d037-4c4a-8688-40a1e04b247b,orangeleopard351,Ricardo,Simpson,*IK<.lo9,6627 Bollinger Rd,Rochmond,Rhode Island,51208,(814) 453-4953,01/27/1971
0f8a3d3d-1db2-4909-b87f-6148e8dcccb4,yellowgorilla160,Alma,Watkins,*IK<.lo9,2481 Valwood Pkwy,Detroit,Texas,17286,(753) 238-1064,07/14/1986
7aeacbc2-c360-4d41-8cb1-9e165f6fbae6,silverbutterfly656,Ivan,Myers,*IK<.lo9,6332 Stevens Creek Blvd,Rochmond,South Dakota,22355,(313) 732-5613,09/30/1989
e1efa489-5b5d-436b-bd1d-b1c56290399b,ticklishpanda208,Stacey,Burton,*IK<.lo9,6621 Elgin St,Madison,New Jersey,39801,(861) 556-8848,11/26/1964
3656b200-2054-4302-99a0-bed92485539f,angrypeacock918,Deanna,Hayes,*IK<.lo9,7281 Daisy Dr,Arlington,Alaska,22882,(588) 976-9459,02/29/1964
b560a6e3-3590-4411-a9dd-f8ece9ba7ade,ticklishsnake978,Nicholas,Graves,*IK<.lo9,431 Plum St,High Point,Virginia,27114,(485) 572-2592,08/19/1968
ea3e5a78-f4e0-432d-906d-2450eaccfb39,greenswan224,Tony,Nelson,*IK<.lo9,9013 Hickory Creek Dr,Pittsburgh,Mississippi,56023,(891) 769-0707,02/16/1982
64fc6d9e-f4f0-4c6c-a347-e36739a67ebc,heavywolf275,Janice,Fuller,*IK<.lo9,3871 W 6th St,Nashville,Washington,99608,(354) 308-0807,09/24/1982
e809367d-72dd-4243-8b40-5be11cb65636,angryfrog761,Tina,Lewis,*IK<.lo9,1931 Hunters Creek Dr,Kent,Utah,53159,(833) 795-9811,09/11/1977
c72cbd6e-c810-432c-99c1-8360c8c27b31,silverbutterfly560,Perry,Johnson,*IK<.lo9,7934 Robinson Rd,Shelby,Maryland,89980,(236) 769-5021,12/12/1984
e6f3626d-a31f-46fd-ad00-580409dc1b7a,beautifulbear395,Terrance,Henry,*IK<.lo9,2332 Lakeshore Rd,Charlotte,Massachusetts,86381,(915) 328-2132,09/22/1973
10989bcc-3436-46a7-8e54-5eb3890f8535,crazyfrog913,Beatrice,Arnold,*IK<.lo9,5749 Royal Ln,Roseburg,South Carolina,30100,(228) 951-7220,01/04/1964
526f9752-b55e-4946-819b-05d2a3a9b8c8,organicpanda109,Fred,Chambers,*IK<.lo9,9963 Pecan Acres Ln,Las Cruces,Maine,22266,(852) 822-9733,06/23/1972
8d6e36ed-adea-4e06-84ee-55e681efa319,tinyfrog388,Katherine,Simmmons,*IK<.lo9,2388 Hunters Creek Dr,Ventura,Utah,70218,(753) 290-7714,12/06/1983
eade2e96-d2fd-4926-8b92-906b1a10ba09,blackmeercat129,Terra,Oliver,*IK<.lo9,1741 W Pecan St,New Orleans,Massachusetts,88345,(464) 250-5203,10/30/1984
0104df21-0946-45a1-a788-c8d599c7d699,orangelion809,Allan,Bryant,*IK<.lo9,2930 Thornridge Cir,Woodbridge,Delaware,17135,(357) 486-3166,11/23/1974
110d518d-a25f-4dab-92c0-f77330a036a6,silverbird963,Billy,Bowman,*IK<.lo9,8527 Harrison Ct,Birmingham,Montana,84270,(490) 305-4557,01/23/1986
56dd994f-028e-490b-bc54-1d77b16e9187,crazybird852,Gabriella,Harvey,*IK<.lo9,5738 Plum St,Erie,West Virginia,14606,(374) 562-5413,12/06/1976
fb821739-56ef-4a0e-a3be-821f2d14fef4,sadtiger571,Wyatt,Prescott,*IK<.lo9,1797 Cackson St,Ironville,Hawaii,63250,(394) 216-0164,11/30/1969
aa850b40-e94d-4cca-84e7-cc54c7767d50,tinykoala824,Luke,Obrien,*IK<.lo9,3201 Ash Dr,Red Bluff,Iowa,13347,(599) 408-2812,01/26/1981
b7116907-55df-4252-9bc3-c8c485ff9a6c,silverduck820,Mike,Jensen,*IK<.lo9,1199 Hunters Creek Dr,Newark,Alabama,50861,(539) 507-4623,04/09/1965
458aa2c6-5e63-4102-941d-2f9235475436,ticklishcat982,Edna,Grant,*IK<.lo9,6838 Dane St,Salinas,Massachusetts,42024,(238) 741-6420,06/07/1987
87b0cc98-be47-4b81-821b-60609ab29e8b,bigpanda475,Juan,Jimenez,*IK<.lo9,545 Stevens Creek Blvd,Saginaw,New Jersey,58786,(770) 637-7066,10/16/1979
a44db73e-8643-4b8a-99fb-a9a09c538c56,sadostrich642,Marlene,Flores,*IK<.lo9,6974 Mcgowen St,Denton,Washington,58380,(402) 971-3352,10/26/1968
d0cf76ef-46ba-4187-bdf6-ea35b8f5f69c,happywolf702,Sonia,Barnes,*IK<.lo9,4433 Hunters Creek Dr,Vancouver,Wyoming,32684,(486) 450-2779,05/17/1964
971c82e1-a96a-4e36-bd79-58a9a2116722,organicgoose553,Lorraine,Jensen,*IK<.lo9,5258 Crockett St,Topeka,California,67333,(813) 706-5331,06/22/1971
57de790c-b77c-43d5-a0d5-2e82c13516aa,ticklishfrog260,Eugene,Jacobs,*IK<.lo9,8973 Lovers Ln,Norman,Alabama,82755,(201) 686-6420,10/02/1969
09eea2b9-469b-40bb-ba30-cafb7bc78db5,angryrabbit663,Anna,Mills,*IK<.lo9,6572 Daisy Dr,Pueblo,New Jersey,37849,(415) 329-9395,07/11/1986
02191700-8fc5-4535-8063-1290b1961d19,bluebutterfly215,Alice,Chambers,*IK<.lo9,941 Locust Rd,Augusta,Arizona,55360,(415) 760-3928,06/14/1975
a8fd20b2-ffb3-46d2-8fe9-8043c7981184,organicleopard154,Marie,Little,*IK<.lo9,1648 Blossom Hill Rd,Pompano Beach,Georgia,96531,(611) 276-1383,12/14/1988
7407da5c-c8a1-453f-a468-7f96f5b764b2,lazykoala996,Juanita,Gonzales,*IK<.lo9,8230 Pockrus Page Rd,Fountain Valley,Rhode Island,80631,(850) 223-3471,07/21/1969
7d3f7b8e-8bf2-4091-8519-a2e11258100c,organicostrich255,Joyce,Simmons,*IK<.lo9,4558 Shady Ln Dr,Lousville,Washington,56797,(828) 632-1616,07/24/1965
bc63d9e9-ebd7-4e5c-9cfb-690b8d2bc425,yellowpanda461,Micheal,Robertson,*IK<.lo9,2301 Valley View Ln,Mobile,Washington,63136,(989) 908-9253,10/26/1988
9a94e50b-a02b-4bc4-9e45-0773f958767e,greenbird501,Leona,Palmer,*IK<.lo9,9341 Green Rd,Albany,Pennsylvania,71289,(748) 689-9234,09/19/1973
fd14b3e6-94ca-4683-8f58-962495b93ff9,goldenleopard616,Wade,Simpson,*IK<.lo9,2594 Robinson Rd,Dumas,Vermont,45506,(420) 846-9326,03/26/1973
